{"stats":{"minecraft:broken":{"minecraft:iron_pickaxe":3},"minecraft:dropped":{"minecraft:iron_sword":2,"minecraft:lapis_lazuli":2,"minecraft:diamond":1,"minecraft:bone_meal":20,"minecraft:iron_pickaxe":1,"minecraft:bone":2,"minecraft:rotten_flesh":1,"minecraft:leather_chestplate":1,"minecraft:leather_boots":1,"minecraft:chainmail_boots":1,"minecraft:leather_leggings":1,"minecraft:enchanted_book":1,"minecraft:iron_ingot":4,"minecraft:wheat_seeds":7,"minecraft:cobbled_deepslate_stairs":2,"minecraft:iron_helmet":2,"minecraft:cobblestone":2,"mowziesmobs:umvuthana_mask_fear":2,"minecraft:cobweb":1,"minecraft:diorite":7,"tacz:modern_kinetic_gun":1,"minecraft:raw_copper":6,"minecraft:iron_boots":1,"minecraft:spruce_fence":1,"minecraft:filled_map":1,"minecraft:potato":5},"minecraft:used":{"mowziesmobs:umvuthana_mask_fear":2,"minecraft:spruce_slab":1,"minecraft:chest":6,"minecraft:iron_sword":138,"minecraft:rotten_flesh":12,"minecraft:iron_chestplate":2,"minecraft:jungle_planks":7,"minecraft:carrot":7,"mowziesmobs:umvuthana_mask_faith":1,"minecraft:packed_mud":2,"minecraft:polished_andesite_stairs":25,"mowziesmobs:clawed_log":1,"minecraft:iron_helmet":5,"minecraft:dark_oak_slab":65,"minecraft:bow":2,"minecraft:dark_oak_boat":1,"minecraft:furnace":3,"minecraft:potato":1,"minecraft:dark_oak_stairs":13,"epicfight:skillbook":2,"minecraft:diorite":12,"minecraft:leather_leggings":1,"minecraft:stone_pickaxe":8,"minecraft:oak_planks":16,"minecraft:leather_chestplate":1,"minecraft:redstone_torch":4,"minecraft:deepslate_tiles":340,"minecraft:melon_slice":2,"minecraft:bread":27,"minecraft:red_terracotta":1,"minecraft:chainmail_boots":1,"minecraft:dark_oak_fence":3,"minecraft:cooked_rabbit":2,"minecraft:cobweb":7,"mowziesmobs:umvuthana_mask_misery":4,"minecraft:spruce_planks":2,"minecraft:cooked_chicken":1,"minecraft:orange_bed":5,"minecraft:torch":11,"minecraft:dirt":14,"minecraft:spruce_stairs":1,"minecraft:spruce_fence":9,"minecraft:dark_oak_planks":34,"minecraft:iron_axe":325,"minecraft:iron_boots":2,"minecraft:cooked_beef":1,"minecraft:cooked_mutton":7,"minecraft:water_bucket":1,"epicfight:iron_spear":15,"minecraft:birch_planks":1,"minecraft:polished_andesite":324,"minecraft:leather_boots":1,"minecraft:crafting_table":5,"minecraft:white_bed":2,"minecraft:smoker":3,"minecraft:flower_pot":1,"minecraft:diamond_pickaxe":215,"minecraft:diamond_shovel":250,"minecraft:iron_pickaxe":943,"minecraft:leather_helmet":1,"minecraft:cobblestone":155,"minecraft:cooked_porkchop":3,"minecraft:bucket":1,"minecraft:polished_blackstone_button":1,"minecraft:splash_potion":1},"minecraft:custom":{"lootr:looted_stat":53,"minecraft:interact_with_crafting_table":52,"minecraft:leave_game":1,"minecraft:time_since_death":596,"minecraft:damage_resisted":106,"minecraft:sprint_one_cm":880115,"minecraft:drop":36,"minecraft:play_time":271895,"minecraft:deaths":33,"minecraft:jump":3089,"minecraft:walk_on_water_one_cm":210626,"minecraft:interact_with_furnace":25,"minecraft:sleep_in_bed":10,"minecraft:damage_dealt":5306,"minecraft:crouch_one_cm":3750,"minecraft:interact_with_smoker":20,"minecraft:interact_with_anvil":1,"minecraft:mob_kills":33,"minecraft:inspect_hopper":3,"minecraft:climb_one_cm":12043,"minecraft:walk_one_cm":1965221,"minecraft:sneak_time":2763,"minecraft:walk_under_water_one_cm":79540,"minecraft:boat_one_cm":86416,"minecraft:total_world_time":271895,"minecraft:time_since_rest":625,"minecraft:damage_taken":13162,"minecraft:swim_one_cm":271981,"minecraft:fly_one_cm":870519,"minecraft:open_chest":61,"minecraft:fall_one_cm":65280},"minecraft:killed":{"minecraft:skeleton":1,"boh:little_sister":1,"boh:big_daddy":1,"bwrtherain:spider_skull":1,"boh:deer":1,"minecraft:sheep":20,"minecraft:cow":1,"minecraft:drowned":7},"minecraft:killed_by":{"depthcrawler:electricdeep":1,"minecraft:creeper":1,"minecraft:player":1,"minecraft:enderman":1,"minecraft:skeleton":1,"rakerm:rake":6},"minecraft:crafted":{"minecraft:oak_planks":28,"minecraft:cooked_chicken":3,"minecraft:diamond_shovel":1,"minecraft:cooked_mutton":35,"minecraft:glass":37,"minecraft:bow":1,"minecraft:iron_boots":1,"minecraft:chest":6,"minecraft:cooked_rabbit":1,"minecraft:emerald":18,"minecraft:crafting_table":5,"minecraft:spruce_planks":8,"minecraft:polished_andesite_stairs":20,"minecraft:iron_helmet":2,"minecraft:dark_oak_slab":60,"minecraft:iron_chestplate":1,"minecraft:diamond_pickaxe":1,"minecraft:shield":2,"minecraft:stick":24,"minecraft:iron_ingot":39,"minecraft:iron_pickaxe":6,"minecraft:gold_ingot":14,"minecraft:deepslate_bricks":320,"minecraft:polished_andesite":300,"minecraft:furnace":3,"travelersbackpack:white_sleeping_bag":1,"minecraft:polished_diorite":48,"minecraft:polished_deepslate":64,"minecraft:iron_axe":2,"minecraft:spruce_slab":18,"minecraft:wheat":171,"minecraft:cooked_beef":5,"travelersbackpack:backpack_tank":4,"minecraft:polished_granite":4,"minecraft:mangrove_planks":8,"minecraft:bucket":1,"minecraft:deepslate_tiles":320,"minecraft:bread":68,"minecraft:air":0,"minecraft:white_bed":2,"minecraft:acacia_planks":20,"minecraft:torch":8},"minecraft:picked_up":{"minecraft:iron_chestplate":1,"minecraft:wheat":14,"minecraft:chainmail_boots":3,"minecraft:flower_pot":1,"depthcrawler:blueshard":2,"boh:spinel":12,"minecraft:enchanted_book":5,"minecraft:potion":2,"depthcrawler:greenshard":2,"minecraft:polished_deepslate":320,"minecraft:music_disc_cat":2,"minecraft:string":12,"minecraft:dark_oak_trapdoor":2,"minecraft:raw_copper":74,"minecraft:explorer_pottery_sherd":2,"minecraft:iron_leggings":1,"minecraft:deepslate_tiles":22,"minecraft:gold_nugget":12,"minecraft:cobbled_deepslate":125,"minecraft:spruce_planks":106,"minecraft:redstone_torch":4,"minecraft:iron_pickaxe":11,"minecraft:melon_slice":14,"minecraft:mangrove_log":3,"minecraft:iron_boots":2,"minecraft:furnace":1,"minecraft:stick":27,"minecraft:sheaf_pottery_sherd":2,"minecraft:acacia_log":10,"minecraft:torch":11,"minecraft:spruce_stairs":8,"minecraft:porkchop":18,"epicfight:skillbook":4,"minecraft:diorite":93,"minecraft:orange_bed":7,"minecraft:rotten_flesh":93,"minecraft:mangrove_roots":6,"minecraft:cobblestone":724,"minecraft:leather_chestplate":1,"minecraft:water_bucket":1,"minecraft:andesite":416,"minecraft:dark_oak_boat":1,"minecraft:potato":10,"minecraft:smoker":5,"minecraft:flint":3,"minecraft:tuff":95,"minecraft:stripped_spruce_wood":2,"minecraft:danger_pottery_sherd":2,"minecraft:lapis_lazuli":77,"minecraft:dirt":422,"minecraft:polished_granite":4,"minecraft:bone":23,"travelersbackpack:backpack_tank":2,"minecraft:bow":1,"minecraft:wheat_seeds":19,"minecraft:cobbled_deepslate_slab":1,"minecraft:rabbit":1,"minecraft:oak_planks":2,"minecraft:sand":123,"minecraft:jungle_planks":18,"minecraft:ink_sac":3,"minecraft:dark_oak_log":2,"minecraft:red_terracotta":4,"minecraft:polished_andesite":170,"minecraft:diamond":24,"minecraft:polished_blackstone_button":1,"minecraft:granite":8,"minecraft:bread":53,"minecraft:emerald":231,"minecraft:dark_oak_fence":3,"minecraft:diamond_pickaxe":1,"minecraft:charcoal":2,"minecraft:coarse_dirt":6,"minecraft:splash_potion":1,"minecraft:chicken":3,"boh:venison":6,"minecraft:leather_leggings":1,"minecraft:cooked_rabbit":1,"minecraft:gold_block":2,"minecraft:shield":3,"minecraft:red_bed":1,"minecraft:iron_axe":7,"minecraft:flint_and_steel":2,"minecraft:beef":11,"minecraft:iron_nugget":19,"minecraft:poppy":2,"minecraft:spruce_slab":19,"minecraft:raw_iron":33,"minecraft:polished_deepslate_slab":2,"minecraft:spruce_fence":25,"minecraft:carrot":6,"depthcrawler:whiteshard":7,"minecraft:dark_oak_planks":177,"mowziesmobs:umvuthana_mask_faith":1,"minecraft:arrow":8,"minecraft:golden_hoe":2,"minecraft:jungle_stairs":5,"minecraft:hay_block":13,"mowziesmobs:umvuthana_mask_bliss":1,"minecraft:saddle":2,"minecraft:gold_ingot":23,"minecraft:mutton":44,"minecraft:white_wool":25,"minecraft:clock":1,"minecraft:leather":3,"minecraft:jungle_fence":2,"minecraft:birch_planks":1,"minecraft:packed_mud":4,"minecraft:oak_log":10,"minecraft:cobbled_deepslate_stairs":2,"minecraft:paper":12,"minecraft:cooked_mutton":9,"minecraft:iron_ingot":64,"minecraft:stone_pickaxe":1,"minecraft:cobweb":12,"minecraft:iron_sword":5,"mowziesmobs:umvuthana_mask_misery":6,"minecraft:dark_oak_stairs":102,"minecraft:book":1,"minecraft:polished_andesite_stairs":5,"mowziesmobs:clawed_log":1,"minecraft:emerald_block":13,"minecraft:dark_oak_slab":5,"epicfight:iron_spear":4,"minecraft:gravel":31,"minecraft:blast_furnace":2,"minecraft:white_bed":1,"minecraft:spider_eye":5,"minecraft:leather_helmet":1,"minecraft:brewer_pottery_sherd":2,"minecraft:diamond_shovel":1,"minecraft:polished_diorite":48,"tacz:modern_kinetic_gun":1,"minecraft:iron_helmet":3,"minecraft:painting":1,"mowziesmobs:umvuthana_mask_fear":3,"minecraft:baked_potato":24,"minecraft:coal":147},"minecraft:mined":{"minecraft:dark_oak_planks":94,"minecraft:white_bed":1,"minecraft:spruce_planks":72,"minecraft:farmland":1,"minecraft:cobbled_deepslate_stairs":2,"mowziesmobs:clawed_log":1,"minecraft:granite":6,"minecraft:acacia_log":5,"minecraft:grass_block":173,"minecraft:sculk_catalyst":1,"minecraft:dark_oak_trapdoor":2,"minecraft:iron_ore":23,"minecraft:cobbled_deepslate":11,"minecraft:fire":30,"minecraft:dark_oak_stairs":76,"minecraft:sculk_shrieker":1,"horror_element_mod:sliced_body":1,"graveyard:wither_skull_pile":1,"minecraft:spruce_slab":1,"minecraft:orange_bed":6,"horror_element_mod:dead_experiment":2,"minecraft:red_bed":1,"horror_element_mod:dead_pig":1,"minecraft:smoker":4,"minecraft:jungle_stairs":5,"minecraft:polished_andesite_stairs":5,"minecraft:glass":3,"minecraft:cobblestone":134,"minecraft:oak_planks":2,"minecraft:dark_oak_slab":5,"boh:spinel_ore_ore":8,"minecraft:grass":64,"minecraft:oak_log":7,"horror_element_mod:dead_cow":1,"minecraft:sand":67,"minecraft:dirt":103,"minecraft:mangrove_log":3,"minecraft:oak_leaves":10,"minecraft:deepslate_tiles":20,"minecraft:diamond_ore":4,"minecraft:dark_oak_log":2,"minecraft:mangrove_roots":4,"minecraft:dark_oak_fence":4,"minecraft:spruce_fence":21,"minecraft:decorated_pot":4,"minecraft:jungle_planks":12,"minecraft:large_fern":3,"minecraft:hay_block":2,"minecraft:furnace":1,"minecraft:packed_mud":2,"minecraft:polished_blackstone_button":1,"minecraft:andesite":362,"horror_element_mod:scientist_body":2,"minecraft:gold_block":1,"minecraft:vine":3,"minecraft:stone":336,"horror_element_mod:hanging_corpse_1":3,"minecraft:tall_grass":1,"minecraft:copper_ore":11,"minecraft:deepslate_coal_ore":8,"minecraft:cracked_deepslate_bricks":1,"minecraft:sculk":4,"minecraft:diorite":74,"minecraft:warped_wart_block":1,"minecraft:spruce_stairs":9,"minecraft:birch_planks":1,"minecraft:red_terracotta":1,"minecraft:coarse_dirt":6,"graveyard:vase_block":3,"minecraft:stripped_spruce_wood":2,"minecraft:redstone_torch":2,"minecraft:jungle_fence":3,"minecraft:mangrove_leaves":3,"minecraft:coal_ore":65,"horror_element_mod:hanging_corpse_2":1,"minecraft:flower_pot":1,"minecraft:gravel":18,"minecraft:cobweb":7,"minecraft:polished_andesite":65,"minecraft:fern":4}},"DataVersion":3465}