{"stats":{"minecraft:picked_up":{"minecraft:iron_chestplate":1,"minecraft:wheat":54,"minecraft:chainmail_boots":3,"depthcrawler:blueshard":2,"minecraft:flower_pot":4,"minecraft:lead":4,"boh:spinel":12,"minecraft:potion":2,"minecraft:enchanted_book":5,"depthcrawler:greenshard":2,"minecraft:polished_deepslate":320,"minecraft:music_disc_cat":2,"minecraft:string":12,"minecraft:dark_oak_trapdoor":2,"depthcrawler:whitedeepplushitem":1,"minecraft:raw_copper":246,"minecraft:explorer_pottery_sherd":2,"minecraft:iron_leggings":1,"minecraft:deepslate_tiles":22,"minecraft:gold_nugget":12,"minecraft:cobbled_deepslate":125,"minecraft:spruce_planks":106,"minecraft:redstone_torch":4,"minecraft:cobblestone_slab":28,"minecraft:iron_pickaxe":13,"minecraft:melon_slice":47,"minecraft:mangrove_log":3,"minecraft:iron_boots":5,"minecraft:furnace":1,"minecraft:stick":37,"minecraft:sheaf_pottery_sherd":2,"minecraft:acacia_log":10,"minecraft:torch":11,"minecraft:spruce_stairs":8,"minecraft:porkchop":18,"epicfight:skillbook":5,"minecraft:diorite":93,"minecraft:orange_bed":7,"minecraft:rotten_flesh":98,"minecraft:blue_dye":99,"minecraft:mangrove_roots":6,"minecraft:cobblestone":946,"minecraft:leather_chestplate":1,"minecraft:water_bucket":1,"minecraft:andesite":496,"minecraft:black_bed":1,"minecraft:dark_oak_boat":3,"minecraft:potato":22,"minecraft:smoker":5,"minecraft:flint":3,"minecraft:tuff":95,"minecraft:stripped_spruce_wood":2,"minecraft:danger_pottery_sherd":2,"minecraft:lapis_lazuli":81,"minecraft:dirt":490,"minecraft:polished_granite":4,"minecraft:bone":35,"travelersbackpack:backpack_tank":2,"minecraft:stonecutter":1,"minecraft:bow":1,"minecraft:wheat_seeds":25,"minecraft:cobbled_deepslate_slab":1,"minecraft:rabbit":1,"minecraft:oak_planks":2,"minecraft:jungle_planks":18,"minecraft:sand":125,"minecraft:ink_sac":3,"minecraft:red_terracotta":4,"minecraft:dark_oak_log":2,"minecraft:polished_andesite":339,"minecraft:diamond":24,"minecraft:polished_blackstone_button":1,"minecraft:granite":27,"minecraft:bread":71,"minecraft:emerald":231,"minecraft:dark_oak_fence":5,"minecraft:diamond_pickaxe":4,"minecraft:mud":2,"minecraft:charcoal":2,"minecraft:coarse_dirt":6,"boh:venison":6,"minecraft:splash_potion":1,"minecraft:chicken":3,"minecraft:leather_leggings":1,"minecraft:cooked_rabbit":1,"minecraft:gold_block":2,"minecraft:shield":3,"minecraft:red_bed":1,"minecraft:iron_axe":8,"minecraft:flint_and_steel":2,"minecraft:beef":17,"minecraft:iron_nugget":19,"minecraft:poppy":3,"minecraft:spruce_slab":19,"minecraft:egg":1,"minecraft:raw_iron":42,"minecraft:polished_deepslate_slab":2,"minecraft:spruce_fence":28,"minecraft:carrot":6,"depthcrawler:whiteshard":7,"minecraft:dark_oak_planks":177,"mowziesmobs:umvuthana_mask_faith":1,"minecraft:arrow":8,"minecraft:jungle_stairs":5,"minecraft:golden_hoe":2,"minecraft:hay_block":43,"mowziesmobs:umvuthana_mask_bliss":1,"minecraft:saddle":2,"minecraft:gold_ingot":25,"minecraft:mutton":46,"minecraft:white_wool":26,"minecraft:clock":1,"minecraft:salmon":1,"minecraft:leather":13,"minecraft:jungle_fence":2,"minecraft:birch_planks":1,"minecraft:packed_mud":4,"minecraft:oak_log":10,"minecraft:chainmail_chestplate":3,"minecraft:cobbled_deepslate_stairs":2,"minecraft:cobblestone_stairs":26,"minecraft:paper":12,"minecraft:cooked_mutton":9,"minecraft:iron_ingot":76,"minecraft:stone_pickaxe":1,"minecraft:cobweb":36,"mowziesmobs:umvuthana_mask_misery":6,"minecraft:iron_sword":9,"minecraft:dark_oak_stairs":102,"minecraft:book":10,"mowziesmobs:clawed_log":2,"minecraft:polished_andesite_stairs":27,"minecraft:emerald_block":25,"minecraft:dark_oak_slab":5,"epicfight:iron_spear":4,"minecraft:gravel":31,"minecraft:blast_furnace":2,"minecraft:white_bed":1,"minecraft:spider_eye":5,"minecraft:leather_helmet":1,"minecraft:brewer_pottery_sherd":2,"minecraft:diamond_shovel":1,"minecraft:polished_diorite":48,"tacz:modern_kinetic_gun":2,"minecraft:chainmail_leggings":6,"minecraft:iron_helmet":6,"minecraft:stripped_jungle_wood":1,"minecraft:painting":1,"mowziesmobs:umvuthana_mask_fear":3,"minecraft:baked_potato":24,"minecraft:mangrove_propagule":4,"minecraft:coal":147},"minecraft:killed":{"minecraft:witch":1,"minecraft:skeleton":3,"boh:little_sister":1,"boh:big_daddy":1,"minecraft:salmon":1,"bwrtherain:spider_skull":4,"boh:deer":1,"minecraft:sheep":21,"minecraft:trader_llama":2,"minecraft:zombie":2,"minecraft:cow":3,"minecraft:drowned":7,"minecraft:wandering_trader":1},"minecraft:broken":{"minecraft:iron_pickaxe":4},"minecraft:killed_by":{"depthcrawler:electricdeep":1,"minecraft:creeper":1,"mowziesmobs:umvuthi":1,"bwrtherain:spider_skull":1,"minecraft:player":1,"minecraft:enderman":1,"minecraft:skeleton":1,"rakerm:rake":8},"minecraft:used":{"mowziesmobs:umvuthana_mask_fear":2,"minecraft:spruce_slab":1,"minecraft:chest":6,"minecraft:iron_sword":208,"minecraft:rotten_flesh":13,"minecraft:iron_chestplate":2,"minecraft:jungle_planks":15,"minecraft:carrot":7,"mowziesmobs:umvuthana_mask_faith":1,"minecraft:packed_mud":2,"minecraft:polished_andesite_stairs":109,"mowziesmobs:clawed_log":1,"minecraft:iron_helmet":7,"minecraft:dark_oak_slab":65,"minecraft:bow":2,"minecraft:dark_oak_boat":3,"minecraft:hay_block":6,"minecraft:furnace":3,"minecraft:potato":1,"minecraft:dark_oak_stairs":13,"epicfight:skillbook":4,"minecraft:diorite":12,"minecraft:leather_leggings":1,"minecraft:stone_pickaxe":8,"minecraft:oak_planks":16,"minecraft:leather_chestplate":1,"minecraft:sand":2,"minecraft:black_bed":1,"minecraft:redstone_torch":4,"minecraft:deepslate_tiles":348,"minecraft:melon_slice":2,"minecraft:bread":35,"minecraft:red_terracotta":1,"minecraft:chainmail_boots":1,"minecraft:dark_oak_fence":5,"minecraft:cooked_rabbit":2,"minecraft:cobweb":7,"depthcrawler:whitedeepplushitem":7,"mowziesmobs:umvuthana_mask_misery":4,"minecraft:spruce_planks":2,"minecraft:cooked_chicken":1,"minecraft:orange_bed":5,"minecraft:torch":11,"minecraft:dirt":17,"minecraft:chainmail_chestplate":2,"minecraft:spruce_stairs":1,"minecraft:spruce_fence":12,"minecraft:dark_oak_planks":34,"minecraft:iron_axe":325,"epicfight:glove":2,"minecraft:iron_boots":4,"minecraft:cooked_beef":1,"minecraft:cooked_mutton":11,"minecraft:water_bucket":1,"minecraft:cobblestone_stairs":6,"epicfight:iron_spear":15,"minecraft:birch_planks":1,"minecraft:polished_andesite":450,"minecraft:cobblestone_slab":24,"minecraft:leather_boots":1,"minecraft:crafting_table":5,"minecraft:white_bed":2,"minecraft:smoker":3,"minecraft:mud":2,"minecraft:flower_pot":2,"minecraft:diamond_pickaxe":463,"minecraft:diamond_shovel":250,"minecraft:mangrove_propagule":1,"minecraft:iron_pickaxe":1126,"minecraft:leather_helmet":1,"minecraft:cobblestone":249,"minecraft:cooked_porkchop":3,"minecraft:bucket":1,"minecraft:polished_blackstone_button":1,"minecraft:splash_potion":1,"minecraft:chainmail_leggings":3},"minecraft:custom":{"lootr:looted_stat":64,"minecraft:interact_with_crafting_table":71,"minecraft:leave_game":2,"minecraft:time_since_death":16427,"minecraft:damage_resisted":106,"minecraft:sprint_one_cm":1234619,"minecraft:drop":38,"minecraft:talked_to_villager":12,"minecraft:play_time":408626,"minecraft:deaths":47,"minecraft:jump":4730,"minecraft:walk_on_water_one_cm":287737,"minecraft:interact_with_furnace":30,"minecraft:traded_with_villager":11,"minecraft:sleep_in_bed":14,"minecraft:damage_dealt":8270,"minecraft:crouch_one_cm":44123,"minecraft:interact_with_smoker":24,"minecraft:mob_kills":48,"minecraft:interact_with_anvil":1,"minecraft:inspect_hopper":3,"minecraft:climb_one_cm":17302,"minecraft:walk_one_cm":2686530,"minecraft:damage_dealt_absorbed":24,"minecraft:sneak_time":9453,"minecraft:walk_under_water_one_cm":119570,"minecraft:boat_one_cm":88486,"minecraft:interact_with_blast_furnace":3,"minecraft:total_world_time":408626,"minecraft:damage_absorbed":3176,"minecraft:time_since_rest":11720,"minecraft:damage_taken":18298,"minecraft:swim_one_cm":490956,"minecraft:fly_one_cm":1302715,"minecraft:open_chest":128,"minecraft:fall_one_cm":98278},"minecraft:crafted":{"minecraft:oak_planks":28,"minecraft:cobblestone_slab":36,"minecraft:cooked_chicken":3,"minecraft:cobblestone_stairs":28,"minecraft:diamond_shovel":1,"minecraft:cooked_mutton":39,"minecraft:glass":37,"minecraft:bow":1,"minecraft:iron_boots":1,"minecraft:chest":6,"minecraft:cooked_rabbit":1,"minecraft:emerald":18,"minecraft:crafting_table":5,"minecraft:spruce_planks":8,"minecraft:polished_andesite_stairs":104,"minecraft:iron_helmet":2,"minecraft:copper_ingot":7,"minecraft:dark_oak_slab":60,"minecraft:iron_chestplate":1,"minecraft:charcoal":3,"minecraft:diamond_pickaxe":2,"minecraft:shield":2,"minecraft:stick":32,"minecraft:iron_ingot":39,"minecraft:iron_pickaxe":8,"minecraft:gold_ingot":14,"minecraft:deepslate_bricks":356,"minecraft:polished_andesite":432,"minecraft:furnace":3,"minecraft:bone_meal":6,"travelersbackpack:white_sleeping_bag":1,"minecraft:polished_diorite":48,"minecraft:polished_deepslate":100,"minecraft:iron_axe":2,"minecraft:spruce_slab":18,"minecraft:wheat":171,"minecraft:cooked_beef":5,"travelersbackpack:backpack_tank":4,"minecraft:polished_granite":4,"depthcrawler:hauntedplushitem":1,"minecraft:mangrove_planks":8,"minecraft:bucket":1,"minecraft:deepslate_tiles":356,"minecraft:jungle_planks":8,"minecraft:blue_dye":33,"minecraft:bread":68,"minecraft:air":0,"depthcrawler:whitedeepplushitem":1,"minecraft:white_bed":2,"minecraft:acacia_planks":20,"minecraft:torch":8},"minecraft:dropped":{"minecraft:iron_sword":2,"minecraft:lapis_lazuli":2,"minecraft:diamond":1,"minecraft:bone_meal":20,"minecraft:iron_pickaxe":1,"depthcrawler:whitedeepplushitem":1,"minecraft:bone":2,"minecraft:rotten_flesh":1,"minecraft:leather_chestplate":1,"minecraft:leather_boots":1,"minecraft:chainmail_boots":1,"minecraft:leather_leggings":1,"minecraft:enchanted_book":1,"minecraft:iron_ingot":4,"minecraft:wheat_seeds":7,"minecraft:cobbled_deepslate_stairs":2,"minecraft:iron_helmet":2,"minecraft:cobblestone":2,"mowziesmobs:umvuthana_mask_fear":2,"minecraft:cobweb":1,"minecraft:diorite":7,"tacz:modern_kinetic_gun":2,"minecraft:raw_copper":6,"minecraft:iron_boots":1,"minecraft:spruce_fence":1,"minecraft:filled_map":1,"minecraft:potato":5},"minecraft:mined":{"minecraft:dark_oak_planks":94,"minecraft:spruce_planks":72,"minecraft:white_bed":1,"minecraft:farmland":1,"minecraft:cobbled_deepslate_stairs":2,"minecraft:cobblestone_stairs":2,"mowziesmobs:clawed_log":2,"minecraft:granite":25,"minecraft:acacia_log":5,"minecraft:grass_block":176,"minecraft:sculk_catalyst":1,"minecraft:dark_oak_trapdoor":2,"minecraft:iron_ore":24,"minecraft:cobbled_deepslate":11,"minecraft:fire":30,"minecraft:dark_oak_stairs":76,"minecraft:sculk_shrieker":1,"horror_element_mod:sliced_body":1,"graveyard:wither_skull_pile":1,"minecraft:spruce_slab":1,"minecraft:orange_bed":6,"horror_element_mod:dead_experiment":2,"minecraft:red_bed":1,"horror_element_mod:dead_pig":1,"minecraft:smoker":4,"minecraft:jungle_stairs":5,"minecraft:polished_andesite_stairs":13,"minecraft:glass":3,"minecraft:cobblestone":136,"minecraft:oak_planks":2,"minecraft:dark_oak_slab":5,"boh:spinel_ore_ore":8,"minecraft:mud":2,"minecraft:black_bed":1,"minecraft:grass":134,"minecraft:oak_log":7,"horror_element_mod:dead_cow":2,"minecraft:sand":69,"minecraft:dirt":104,"minecraft:mangrove_log":3,"minecraft:smooth_basalt":1,"minecraft:stonecutter":1,"minecraft:oak_leaves":10,"minecraft:deepslate_tiles":20,"minecraft:diamond_ore":4,"minecraft:dark_oak_log":2,"minecraft:mangrove_roots":4,"minecraft:dark_oak_fence":6,"minecraft:spruce_fence":24,"minecraft:decorated_pot":4,"minecraft:jungle_planks":12,"minecraft:stripped_jungle_wood":1,"minecraft:mangrove_propagule":2,"minecraft:large_fern":3,"minecraft:hay_block":8,"minecraft:furnace":1,"minecraft:packed_mud":2,"minecraft:polished_blackstone_button":1,"minecraft:andesite":440,"horror_element_mod:scientist_body":2,"minecraft:gold_block":1,"minecraft:cobblestone_slab":5,"minecraft:vine":4,"minecraft:stone":526,"minecraft:acacia_leaves":3,"horror_element_mod:hanging_corpse_1":3,"minecraft:tall_grass":1,"minecraft:copper_ore":21,"minecraft:deepslate_coal_ore":8,"minecraft:cracked_deepslate_bricks":1,"minecraft:sculk":4,"minecraft:diorite":74,"minecraft:warped_wart_block":1,"minecraft:spruce_stairs":9,"minecraft:birch_planks":1,"minecraft:red_terracotta":1,"minecraft:coarse_dirt":6,"graveyard:vase_block":3,"minecraft:stripped_spruce_wood":2,"minecraft:redstone_torch":2,"minecraft:jungle_fence":3,"minecraft:mangrove_leaves":3,"minecraft:coal_ore":65,"horror_element_mod:hanging_corpse_2":1,"minecraft:flower_pot":1,"minecraft:gravel":18,"minecraft:cobweb":7,"minecraft:polished_andesite":178,"minecraft:fern":4}},"DataVersion":3465}