{"stats":{"minecraft:dropped":{"minecraft:wheat_seeds":3,"minecraft:lapis_lazuli":2,"minecraft:cobbled_deepslate_stairs":2,"minecraft:cobblestone":72,"minecraft:leather":2,"minecraft:stick":2,"minecraft:emerald":9,"minecraft:dirt":4,"minecraft:green_carpet":1,"minecraft:sand":1,"minecraft:iron_pickaxe":1,"minecraft:angler_pottery_sherd":2,"minecraft:polished_deepslate":384,"minecraft:bone":2,"minecraft:redstone":50,"minecraft:emerald_block":1,"minecraft:cobbled_deepslate":64,"minecraft:tuff":100,"minecraft:rotten_flesh":4,"minecraft:blast_furnace":2,"minecraft:spruce_trapdoor":2,"minecraft:spruce_planks":2,"minecraft:charcoal":4,"minecraft:blade_pottery_sherd":2,"minecraft:arms_up_pottery_sherd":2,"minecraft:painting":2,"minecraft:spruce_slab":2,"minecraft:arrow":1,"minecraft:wooden_pickaxe":1,"mowziesmobs:umvuthana_mask_fury":1},"minecraft:used":{"minecraft:polished_deepslate":1,"minecraft:chest":1,"minecraft:shield":7,"minecraft:iron_sword":70,"minecraft:rotten_flesh":2,"minecraft:orange_bed":1,"minecraft:dirt":6,"minecraft:mutton":1,"minecraft:carrot":17,"minecraft:wooden_axe":6,"minecraft:iron_axe":60,"minecraft:iron_helmet":1,"minecraft:golden_carrot":2,"minecraft:beef":1,"minecraft:potato":30,"minecraft:cobbled_deepslate":51,"minecraft:stripped_spruce_wood":1,"minecraft:stone_pickaxe":16,"minecraft:baked_potato":7,"minecraft:ender_pearl":1,"minecraft:wooden_pickaxe":6,"minecraft:polished_deepslate_slab":1,"minecraft:crafting_table":5,"minecraft:red_bed":2,"minecraft:black_bed":2,"minecraft:melon_slice":9,"minecraft:bread":10,"minecraft:iron_pickaxe":147,"minecraft:stone_axe":21,"minecraft:cobblestone":1,"minecraft:cooked_porkchop":2,"minecraft:andesite":1},"minecraft:custom":{"lootr:looted_stat":31,"minecraft:mob_kills":19,"minecraft:interact_with_crafting_table":8,"minecraft:leave_game":1,"minecraft:time_since_death":1208,"minecraft:climb_one_cm":18483,"minecraft:damage_resisted":148,"minecraft:sprint_one_cm":618421,"minecraft:walk_one_cm":1168011,"minecraft:damage_blocked_by_shield":347,"minecraft:drop":52,"minecraft:play_time":186614,"minecraft:deaths":25,"minecraft:sneak_time":5925,"minecraft:walk_under_water_one_cm":68087,"minecraft:boat_one_cm":10319,"minecraft:jump":4229,"minecraft:walk_on_water_one_cm":185443,"minecraft:total_world_time":186614,"minecraft:interact_with_furnace":1,"minecraft:sleep_in_bed":6,"minecraft:time_since_rest":1243,"minecraft:damage_taken":10009605,"minecraft:damage_dealt":4318,"minecraft:swim_one_cm":106716,"minecraft:player_kills":2,"minecraft:fly_one_cm":1160012,"minecraft:open_chest":24,"minecraft:crouch_one_cm":38821,"minecraft:interact_with_smoker":10,"minecraft:fall_one_cm":92007},"minecraft:killed":{"minecraft:skeleton":1,"depthcrawler:electricdeep":1,"minecraft:drowned":3,"minecraft:sheep":4,"minecraft:pillager":1,"minecraft:zombie":1,"minecraft:cow":3},"minecraft:killed_by":{"depthcrawler:electricdeep":1,"minecraft:drowned":1,"bwrtherain:vapor":1,"minecraft:skeleton":1,"rakerm:rake":7},"minecraft:crafted":{"minecraft:oak_planks":20,"minecraft:iron_boots":1,"minecraft:iron_axe":1,"minecraft:stone_pickaxe":1,"minecraft:chest":1,"minecraft:dark_oak_planks":12,"minecraft:cooked_beef":1,"minecraft:emerald":126,"minecraft:crafting_table":4,"minecraft:wooden_pickaxe":1,"minecraft:baked_potato":31,"minecraft:birch_planks":28,"minecraft:stone_axe":1,"minecraft:air":0,"minecraft:shield":1,"minecraft:stick":16,"minecraft:iron_pickaxe":1,"minecraft:wooden_axe":1},"minecraft:mined":{"minecraft:dark_oak_planks":13,"minecraft:tuff":13,"minecraft:white_bed":1,"minecraft:spruce_planks":13,"minecraft:deepslate_diamond_ore":1,"minecraft:dark_oak_log":6,"minecraft:cyan_stained_glass":3,"minecraft:spruce_trapdoor":1,"minecraft:cobbled_deepslate_slab":8,"minecraft:grass_block":5,"minecraft:decorated_pot":4,"minecraft:large_fern":1,"minecraft:fire":29,"minecraft:cobbled_deepslate":5,"horror_element_mod:scientist_body":1,"minecraft:dark_oak_stairs":2,"minecraft:polished_deepslate":1,"minecraft:bookshelf":12,"minecraft:potatoes":13,"minecraft:deepslate_iron_ore":4,"minecraft:polished_deepslate_slab":6,"minecraft:quartz_slab":2,"minecraft:stone":12,"minecraft:spruce_slab":2,"horror_element_mod:hazzmat_body":1,"minecraft:crafting_table":2,"minecraft:campfire":1,"minecraft:cobblestone":3,"minecraft:glass":1,"horror_element_mod:impaled_head":1,"minecraft:stripped_spruce_wood":1,"minecraft:birch_log":7,"minecraft:wheat":3,"minecraft:birch_leaves":3,"minecraft:black_bed":1,"minecraft:mangrove_leaves":2,"minecraft:grass":11,"minecraft:oak_log":6,"horror_element_mod:hospital_bed":2,"minecraft:gravel":10,"minecraft:dirt":14,"horror_element_mod:colonial_marine_body":1,"minecraft:oak_leaves":7,"minecraft:deepslate":101},"minecraft:picked_up":{"minecraft:wooden_axe":1,"minecraft:charcoal":16,"minecraft:crafting_table":3,"minecraft:wheat":2,"minecraft:suspicious_stew":3,"minecraft:splash_potion":7,"minecraft:nether_wart":21,"minecraft:clay_ball":4,"depthcrawler:blueshard":12,"minecraft:wooden_pickaxe":1,"boh:spinel":15,"minecraft:potion":22,"minecraft:enchanted_book":12,"minecraft:nether_brick":9,"depthcrawler:greenshard":1,"minecraft:shield":4,"minecraft:polished_deepslate":641,"minecraft:string":2,"minecraft:red_bed":2,"minecraft:iron_axe":10,"minecraft:iron_leggings":1,"minecraft:candle":6,"minecraft:cobbled_deepslate":319,"minecraft:spruce_planks":16,"minecraft:beef":5,"minecraft:iron_pickaxe":9,"minecraft:spruce_slab":2,"minecraft:melon_slice":16,"minecraft:spruce_trapdoor":2,"minecraft:iron_boots":7,"minecraft:raw_iron":46,"minecraft:stick":3,"minecraft:polished_deepslate_slab":4,"minecraft:torch":3,"minecraft:green_bed":1,"minecraft:redstone":60,"depthcrawler:whiteshard":6,"minecraft:dark_oak_planks":12,"minecraft:orange_bed":1,"horror_element_mod:impaled_head":6,"minecraft:arrow":2,"minecraft:rotten_flesh":24,"minecraft:decorated_pot":8,"minecraft:hay_block":2,"minecraft:saddle":1,"minecraft:gold_ingot":28,"minecraft:mutton":3,"minecraft:white_wool":3,"minecraft:cobblestone":175,"minecraft:birch_log":7,"mowziesmobs:umvuthana_mask_fury":2,"minecraft:andesite":1,"minecraft:black_bed":5,"minecraft:leather":5,"minecraft:potato":128,"minecraft:filled_map":8,"minecraft:birch_planks":14,"minecraft:tuff":73,"minecraft:stripped_spruce_wood":1,"minecraft:oak_log":6,"minecraft:cobbled_deepslate_stairs":2,"minecraft:lapis_lazuli":194,"minecraft:dirt":34,"minecraft:bone":7,"minecraft:wheat_seeds":3,"minecraft:raw_gold":13,"minecraft:cobbled_deepslate_slab":3,"minecraft:iron_ingot":79,"minecraft:stone_pickaxe":1,"graveyard:white_urn":1,"minecraft:cobweb":3,"minecraft:blade_pottery_sherd":2,"minecraft:iron_sword":17,"minecraft:arms_up_pottery_sherd":2,"minecraft:oak_planks":20,"mowziesmobs:umvuthana_mask_misery":13,"minecraft:dark_oak_stairs":12,"minecraft:book":324,"minecraft:emerald_block":9,"minecraft:cooked_porkchop":6,"minecraft:amethyst_shard":3,"minecraft:sand":4,"minecraft:blast_furnace":2,"minecraft:white_bed":1,"minecraft:green_carpet":2,"minecraft:dark_oak_log":3,"minecraft:archer_pottery_sherd":2,"graveyard:vase_block":4,"minecraft:diamond":57,"minecraft:stone_axe":1,"minecraft:angler_pottery_sherd":2,"minecraft:chainmail_leggings":3,"minecraft:iron_helmet":9,"minecraft:painting":6,"minecraft:emerald":1119,"minecraft:bread":1,"minecraft:oak_sapling":1,"minecraft:coal":98,"minecraft:ender_pearl":4}},"DataVersion":3465}