{"stats":{"minecraft:picked_up":{"minecraft:iron_chestplate":4,"minecraft:crafting_table":4,"minecraft:wheat":79,"minecraft:chicken":1,"minecraft:chainmail_boots":1,"boh:venison":3,"minecraft:flower_pot":3,"minecraft:leather":2,"minecraft:potato":12,"minecraft:lapis_lazuli":18,"minecraft:iron_axe":5,"minecraft:iron_leggings":1,"minecraft:iron_shovel":2,"depthcrawler:blackshard":4,"minecraft:bone":2,"minecraft:acacia_planks":44,"minecraft:wheat_seeds":3,"minecraft:beef":2,"minecraft:iron_ingot":29,"minecraft:cooked_chicken":1,"minecraft:poppy":8,"minecraft:iron_nugget":4,"minecraft:iron_pickaxe":5,"minecraft:melon_slice":25,"minecraft:acacia_sapling":4,"minecraft:iron_sword":9,"minecraft:iron_boots":2,"minecraft:egg":5,"minecraft:book":3,"minecraft:stick":5,"minecraft:emerald_block":13,"minecraft:acacia_log":7,"minecraft:green_bed":6,"minecraft:porkchop":1,"minecraft:rotten_flesh":12,"minecraft:diamond":1,"minecraft:decorated_pot":2,"minecraft:iron_helmet":8,"minecraft:chainmail_leggings":6,"minecraft:hay_block":21,"minecraft:gold_ingot":5,"minecraft:emerald":103,"minecraft:bread":67,"minecraft:mutton":1,"minecraft:coal":2},"minecraft:killed":{"depthcrawler:nightmaredeep":1},"minecraft:used":{"minecraft:decorated_pot":1,"minecraft:iron_sword":19,"minecraft:green_bed":2,"minecraft:iron_chestplate":1,"minecraft:crafting_table":1,"minecraft:flower_pot":1,"minecraft:iron_axe":4,"minecraft:melon_slice":2,"minecraft:bread":5,"minecraft:iron_pickaxe":1,"minecraft:iron_helmet":3,"minecraft:hay_block":4,"minecraft:emerald_block":1,"minecraft:chainmail_boots":1,"minecraft:chainmail_leggings":1},"minecraft:custom":{"minecraft:interact_with_furnace":1,"lootr:looted_stat":18,"minecraft:interact_with_anvil":1,"minecraft:mob_kills":1,"minecraft:interact_with_crafting_table":4,"minecraft:leave_game":6,"minecraft:time_since_death":19277,"minecraft:sleep_in_bed":4,"minecraft:climb_one_cm":6638,"minecraft:time_since_rest":19308,"minecraft:sprint_one_cm":148449,"minecraft:walk_one_cm":334330,"minecraft:damage_taken":2241,"minecraft:drop":7,"minecraft:damage_dealt":588,"minecraft:swim_one_cm":62158,"minecraft:fly_one_cm":221545,"minecraft:player_kills":1,"minecraft:open_chest":3,"minecraft:crouch_one_cm":279,"minecraft:play_time":58962,"minecraft:deaths":5,"minecraft:sneak_time":97,"minecraft:walk_under_water_one_cm":5282,"minecraft:jump":650,"minecraft:walk_on_water_one_cm":19873,"minecraft:interact_with_smoker":1,"minecraft:total_world_time":58962,"minecraft:fall_one_cm":10402},"minecraft:mined":{"horror_element_mod:dead_pig":1,"minecraft:crafting_table":1,"minecraft:acacia_log":7,"minecraft:decorated_pot":1,"minecraft:hay_block":6,"minecraft:grass":1,"minecraft:flower_pot":1,"minecraft:emerald_block":1,"minecraft:green_bed":2},"minecraft:crafted":{"minecraft:emerald":18,"minecraft:crafting_table":1,"minecraft:bread":39,"minecraft:emerald_block":8,"minecraft:iron_axe":1,"minecraft:stick":4,"minecraft:iron_pickaxe":1,"minecraft:acacia_planks":28,"minecraft:wheat":90},"minecraft:dropped":{"minecraft:iron_ingot":1,"minecraft:bread":16,"minecraft:wheat_seeds":1,"minecraft:iron_helmet":1,"minecraft:rotten_flesh":4,"minecraft:hay_block":6,"minecraft:iron_shovel":1}},"DataVersion":3465}