{"stats":{"minecraft:dropped":{"minecraft:iron_ingot":1,"minecraft:bread":16,"minecraft:hay_block":6,"minecraft:iron_helmet":1,"minecraft:iron_shovel":1},"minecraft:used":{"minecraft:flower_pot":1,"minecraft:iron_axe":1,"minecraft:bread":3,"minecraft:melon_slice":2,"minecraft:iron_pickaxe":1,"minecraft:decorated_pot":1,"minecraft:iron_helmet":2,"minecraft:iron_sword":15,"minecraft:green_bed":2,"minecraft:iron_chestplate":1,"minecraft:emerald_block":1,"minecraft:crafting_table":1,"minecraft:chainmail_boots":1,"minecraft:chainmail_leggings":1},"minecraft:custom":{"minecraft:time_since_rest":4277,"minecraft:walk_one_cm":243181,"lootr:looted_stat":8,"minecraft:sprint_one_cm":82864,"minecraft:damage_taken":1740,"minecraft:interact_with_anvil":1,"minecraft:mob_kills":1,"minecraft:drop":5,"minecraft:damage_dealt":588,"minecraft:player_kills":1,"minecraft:interact_with_crafting_table":2,"minecraft:fly_one_cm":133636,"minecraft:open_chest":2,"minecraft:play_time":33117,"minecraft:deaths":4,"minecraft:walk_under_water_one_cm":1726,"minecraft:jump":426,"minecraft:walk_on_water_one_cm":4825,"minecraft:leave_game":5,"minecraft:time_since_death":4250,"minecraft:sleep_in_bed":4,"minecraft:total_world_time":33117,"minecraft:climb_one_cm":5298,"minecraft:fall_one_cm":6160},"minecraft:killed":{"depthcrawler:nightmaredeep":1},"minecraft:crafted":{"minecraft:iron_axe":1,"minecraft:crafting_table":1,"minecraft:stick":4,"minecraft:iron_pickaxe":1,"minecraft:acacia_planks":28,"minecraft:bread":4,"minecraft:wheat":18},"minecraft:mined":{"minecraft:crafting_table":1,"minecraft:grass":1,"minecraft:acacia_log":7,"minecraft:decorated_pot":1,"minecraft:flower_pot":1,"minecraft:emerald_block":1,"minecraft:green_bed":2},"minecraft:picked_up":{"minecraft:stick":2,"minecraft:iron_chestplate":3,"minecraft:wheat":49,"minecraft:emerald_block":13,"minecraft:crafting_table":4,"minecraft:chainmail_boots":1,"boh:venison":3,"minecraft:flower_pot":3,"minecraft:leather":1,"minecraft:green_bed":6,"minecraft:acacia_log":7,"minecraft:potato":9,"minecraft:lapis_lazuli":18,"minecraft:iron_axe":3,"minecraft:iron_leggings":1,"minecraft:bone":1,"minecraft:iron_shovel":2,"depthcrawler:blackshard":4,"minecraft:rotten_flesh":8,"minecraft:acacia_planks":44,"minecraft:wheat_seeds":1,"minecraft:decorated_pot":2,"minecraft:hay_block":8,"minecraft:chainmail_leggings":5,"minecraft:iron_helmet":7,"minecraft:iron_ingot":21,"minecraft:iron_nugget":4,"minecraft:emerald":59,"minecraft:bread":45,"minecraft:gold_ingot":2,"minecraft:poppy":6,"minecraft:iron_pickaxe":4,"minecraft:melon_slice":23,"minecraft:acacia_sapling":4,"minecraft:iron_sword":7,"minecraft:iron_boots":1,"minecraft:egg":4}},"DataVersion":3465}