{"stats":{"minecraft:picked_up":{"minecraft:arrow":2,"minecraft:decorated_pot":1,"minecraft:painting":2},"minecraft:killed":{"minecraft:skeleton":1},"minecraft:killed_by":{"rakerm:rake":2},"minecraft:used":{"minecraft:bread":3,"minecraft:painting":2,"minecraft:iron_sword":4},"minecraft:custom":{"minecraft:open_chest":1,"minecraft:time_since_rest":6912,"minecraft:crouch_one_cm":1069,"minecraft:sprint_one_cm":21118,"lootr:looted_stat":4,"minecraft:play_time":12044,"minecraft:deaths":4,"minecraft:damage_taken":1368,"minecraft:walk_one_cm":49920,"minecraft:sneak_time":214,"minecraft:walk_under_water_one_cm":6861,"minecraft:mob_kills":1,"minecraft:jump":83,"minecraft:damage_dealt":154,"minecraft:leave_game":5,"minecraft:walk_on_water_one_cm":18960,"minecraft:time_since_death":6882,"minecraft:total_world_time":12044,"minecraft:climb_one_cm":1692,"minecraft:swim_one_cm":43510,"minecraft:talked_to_villager":1,"minecraft:fall_one_cm":2162,"minecraft:fly_one_cm":27917},"minecraft:mined":{"minecraft:decorated_pot":1,"minecraft:sand":1}},"DataVersion":3465}