{"stats":{"minecraft:picked_up":{"minecraft:iron_chestplate":1,"minecraft:wheat":39,"minecraft:chainmail_boots":2,"minecraft:flower_pot":1,"boh:spinel":41,"minecraft:potion":2,"minecraft:enchanted_book":3,"depthcrawler:greenshard":18,"minecraft:string":43,"minecraft:raw_copper":18,"minecraft:iron_leggings":9,"depthcrawler:blackshard":3,"minecraft:gold_nugget":2,"minecraft:cobbled_deepslate":775,"minecraft:spruce_planks":20,"minecraft:cobblestone_slab":20,"minecraft:iron_pickaxe":8,"minecraft:melon_slice":27,"minecraft:mangrove_log":3,"minecraft:iron_boots":9,"minecraft:stick":71,"minecraft:acacia_log":4,"minecraft:torch":6,"minecraft:green_bed":15,"epicfight:skillbook":1,"minecraft:porkchop":39,"minecraft:orange_bed":6,"minecraft:rotten_flesh":150,"epicfight:glove":3,"graveyard:gray_urn":1,"minecraft:iron_block":2,"minecraft:mangrove_roots":6,"minecraft:obsidian":16,"minecraft:iron_bars":1,"minecraft:cobblestone":267,"minecraft:feather":6,"minecraft:leather_chestplate":3,"minecraft:cooked_beef":3,"minecraft:andesite":9,"minecraft:dark_oak_boat":10,"minecraft:potato":51,"minecraft:flint":2,"minecraft:tuff":197,"minecraft:acacia_boat":1,"minecraft:wither_skeleton_skull":1,"minecraft:lapis_lazuli":166,"minecraft:dirt":40,"minecraft:bone":37,"minecraft:acacia_planks":60,"minecraft:wheat_seeds":11,"minecraft:raw_gold":45,"minecraft:cobbled_deepslate_slab":6,"minecraft:mossy_stone_bricks":2,"tacz:gun_smith_table":3,"boh:gojibreath":1,"minecraft:poisonous_potato":12,"minecraft:sand":10,"minecraft:stripped_spruce_log":1,"minecraft:dark_oak_log":7,"minecraft:polished_andesite":36,"minecraft:diamond":41,"minecraft:granite":6,"expanded_combat:iron_gauntlet":6,"minecraft:golden_apple":2,"minecraft:bread":47,"minecraft:emerald":340,"minecraft:dark_oak_fence":1,"minecraft:diamond_pickaxe":3,"minecraft:fishing_rod":9,"minecraft:charcoal":2,"minecraft:crafting_table":4,"boh:venison":18,"minecraft:leather_leggings":1,"minecraft:cooked_rabbit":1,"minecraft:shield":6,"minecraft:red_bed":2,"minecraft:moss_carpet":1,"minecraft:iron_axe":8,"tacz:ammo":60,"minecraft:quartz_slab":2,"minecraft:iron_shovel":7,"graveyard:gravestone":1,"minecraft:beef":63,"minecraft:iron_nugget":30,"minecraft:sugar_cane":9,"minecraft:spruce_trapdoor":1,"minecraft:egg":1,"minecraft:raw_iron":104,"minecraft:polished_deepslate_slab":3,"minecraft:copper_ingot":8,"minecraft:spruce_fence":1,"minecraft:carrot":2,"minecraft:redstone":132,"depthcrawler:whiteshard":5,"minecraft:dark_oak_planks":46,"horror_element_mod:impaled_head":1,"minecraft:arrow":17,"minecraft:decorated_pot":5,"minecraft:hay_block":35,"mowziesmobs:umvuthana_mask_bliss":1,"minecraft:gold_ingot":39,"minecraft:mutton":4,"minecraft:white_wool":3,"mowziesmobs:umvuthana_mask_fury":2,"minecraft:golden_carrot":3,"minecraft:leather":44,"minecraft:jungle_fence":2,"minecraft:filled_map":2,"minecraft:oak_log":6,"minecraft:chainmail_chestplate":5,"minecraft:gunpowder":21,"minecraft:cobblestone_stairs":24,"minecraft:coast_armor_trim_smithing_template":10,"minecraft:red_carpet":1,"minecraft:stone_bricks":1,"boh:kindness_flower":1,"minecraft:iron_ingot":27,"minecraft:cooked_chicken":1,"minecraft:cobweb":10,"minecraft:dark_oak_stairs":29,"mowziesmobs:umvuthana_mask_misery":3,"minecraft:iron_sword":23,"minecraft:emerald_block":71,"minecraft:gravel":7,"minecraft:amethyst_shard":10,"minecraft:blast_furnace":4,"minecraft:white_bed":1,"minecraft:green_carpet":1,"minecraft:leather_helmet":4,"graveyard:vase_block":4,"tacz:modern_kinetic_gun":5,"minecraft:iron_helmet":11,"minecraft:chainmail_leggings":17,"minecraft:painting":5,"mowziesmobs:umvuthana_mask_fear":9,"minecraft:coal":81},"minecraft:killed":{"boh:raatma":1,"minecraft:witch":2,"minecraft:spider":4,"minecraft:skeleton":9,"minecraft:pig":8,"bwrtherain:spider_skull":3,"minecraft:creeper":3,"boh:deer":1,"minecraft:sheep":3,"minecraft:pillager":1,"minecraft:zombie":8,"mowziesmobs:umvuthana_raptor":1,"minecraft:cow":11,"minecraft:drowned":10,"boh:ratazana":9,"mowziesmobs:umvuthana_follower_raptor":5},"minecraft:broken":{"minecraft:iron_pickaxe":1},"minecraft:killed_by":{"minecraft:drowned":3,"graveyard:skeleton_creeper":1,"bwrtherain:spider_skull":1,"boh:big_daddy":1,"minecraft:player":2,"minecraft:skeleton":3,"rakerm:rake":11},"minecraft:used":{"mowziesmobs:umvuthana_mask_fear":5,"minecraft:chest":2,"minecraft:shield":5,"minecraft:iron_sword":166,"minecraft:rotten_flesh":8,"mowziesmobs:umvuthana_mask_bliss":1,"minecraft:carrot":31,"minecraft:tuff":2,"boh:kindness_flower":1,"minecraft:iron_helmet":1,"minecraft:stone_bricks":1,"minecraft:red_carpet":1,"mowziesmobs:umvuthana_mask_rage":2,"minecraft:dark_oak_boat":6,"minecraft:mangrove_roots":4,"minecraft:furnace":1,"minecraft:egg":1,"minecraft:potato":2,"epicfight:skillbook":1,"minecraft:mossy_stone_bricks":2,"minecraft:stone_pickaxe":22,"horror_element_mod:impaled_head":1,"minecraft:sand":8,"minecraft:blast_furnace":2,"minecraft:bread":31,"graveyard:gravestone":1,"minecraft:gravel":1,"minecraft:chainmail_boots":1,"minecraft:cooked_rabbit":1,"minecraft:golden_pickaxe":11,"minecraft:iron_bars":1,"mowziesmobs:umvuthana_mask_misery":2,"minecraft:spruce_planks":3,"tacz:gun_smith_table":4,"minecraft:cooked_chicken":1,"minecraft:orange_bed":4,"minecraft:torch":47,"minecraft:dirt":24,"minecraft:spyglass":1,"minecraft:iron_hoe":3,"minecraft:dark_oak_planks":1,"boh:gojibreath":1,"minecraft:iron_axe":25,"minecraft:iron_boots":2,"minecraft:golden_carrot":2,"minecraft:beef":1,"minecraft:cobbled_deepslate":103,"minecraft:iron_leggings":1,"minecraft:acacia_boat":1,"minecraft:polished_andesite":2,"minecraft:baked_potato":5,"minecraft:green_bed":6,"minecraft:crafting_table":3,"minecraft:white_bed":2,"minecraft:painting":3,"minecraft:diamond_pickaxe":1205,"expanded_combat:diamond_bow":2,"minecraft:iron_pickaxe":251,"minecraft:suspicious_stew":1,"minecraft:leather_helmet":1,"minecraft:green_carpet":1,"minecraft:potion":3,"mowziesmobs:umvuthana_mask_fury":2,"minecraft:cooked_porkchop":2,"minecraft:splash_potion":1,"minecraft:chainmail_leggings":6},"minecraft:custom":{"lootr:looted_stat":49,"minecraft:animals_bred":1,"minecraft:interact_with_crafting_table":37,"minecraft:leave_game":9,"minecraft:time_since_death":20936,"minecraft:sprint_one_cm":1185272,"minecraft:damage_blocked_by_shield":357,"minecraft:drop":102,"minecraft:talked_to_villager":2,"minecraft:play_time":360493,"minecraft:deaths":62,"minecraft:jump":5432,"minecraft:walk_on_water_one_cm":298954,"minecraft:interact_with_furnace":12,"minecraft:sleep_in_bed":9,"minecraft:damage_dealt":10415,"minecraft:crouch_one_cm":12089,"minecraft:interact_with_smoker":8,"minecraft:mob_kills":89,"minecraft:inspect_hopper":1,"minecraft:damage_dealt_resisted":74,"minecraft:climb_one_cm":15396,"minecraft:walk_one_cm":1795117,"minecraft:damage_dealt_absorbed":18,"minecraft:sneak_time":3830,"minecraft:walk_under_water_one_cm":127997,"minecraft:boat_one_cm":279701,"minecraft:interact_with_blast_furnace":14,"minecraft:total_world_time":360493,"minecraft:time_since_rest":3926,"minecraft:damage_taken":22716,"minecraft:swim_one_cm":256409,"minecraft:fly_one_cm":1878468,"minecraft:open_chest":98,"minecraft:fall_one_cm":92703},"minecraft:crafted":{"minecraft:dark_oak_boat":2,"expanded_combat:iron_bow":1,"epicfight:iron_spear":1,"minecraft:bow":1,"minecraft:iron_boots":2,"minecraft:chest":2,"expanded_combat:diamond_bow":1,"minecraft:crafting_table":1,"minecraft:spruce_planks":4,"minecraft:baked_potato":5,"minecraft:copper_ingot":11,"minecraft:diamond_pickaxe":1,"minecraft:emerald_block":16,"minecraft:shield":2,"minecraft:stick":36,"minecraft:iron_ingot":66,"minecraft:iron_pickaxe":2,"minecraft:iron_block":1,"minecraft:gold_ingot":24,"expanded_combat:iron_gauntlet":1,"minecraft:iron_nugget":9,"minecraft:furnace":1,"epicfight:glove":1,"minecraft:polished_deepslate":384,"minecraft:iron_axe":1,"minecraft:iron_hoe":1,"minecraft:stone_pickaxe":1,"minecraft:dark_oak_planks":28,"minecraft:wheat":63,"minecraft:iron_sword":2,"tacz:gun_smith_table":1,"minecraft:mangrove_planks":12,"minecraft:air":0,"minecraft:acacia_boat":1,"minecraft:bread":21,"minecraft:white_bed":1,"minecraft:acacia_planks":16,"minecraft:torch":48},"minecraft:dropped":{"depthcrawler:whiteshard":3,"minecraft:iron_sword":4,"minecraft:dark_oak_stairs":28,"minecraft:porkchop":9,"minecraft:lapis_lazuli":66,"minecraft:diamond":16,"minecraft:leather":2,"minecraft:emerald":64,"minecraft:cobblestone_stairs":24,"minecraft:red_bed":1,"minecraft:sand":1,"minecraft:iron_pickaxe":1,"minecraft:gold_ingot":5,"minecraft:bone":1,"minecraft:gravel":6,"minecraft:emerald_block":2,"minecraft:mangrove_roots":1,"minecraft:iron_nugget":1,"minecraft:cobbled_deepslate":176,"minecraft:rotten_flesh":19,"minecraft:charcoal":2,"minecraft:chainmail_boots":1,"epicfight:glove":3,"minecraft:arrow":5,"minecraft:enchanted_book":2,"minecraft:iron_ingot":6,"minecraft:bread":16,"minecraft:wheat_seeds":7,"boh:spinel":15,"minecraft:cobblestone":178,"minecraft:iron_helmet":2,"mowziesmobs:umvuthana_mask_fear":1,"minecraft:coal":26,"minecraft:stick":2,"minecraft:cobweb":1,"minecraft:torch":1,"minecraft:potion":1,"minecraft:iron_leggings":2,"tacz:modern_kinetic_gun":3,"minecraft:iron_axe":1,"graveyard:gray_urn":1,"minecraft:orange_bed":1,"minecraft:chainmail_leggings":5,"minecraft:polished_deepslate":384,"minecraft:redstone":44,"epicfight:iron_spear":1,"minecraft:bowl":1,"minecraft:green_bed":2,"minecraft:tuff":127,"minecraft:raw_iron":31,"minecraft:polished_deepslate_slab":1,"minecraft:cobbled_deepslate_slab":6,"minecraft:blast_furnace":2,"minecraft:cobblestone_slab":20,"minecraft:spruce_trapdoor":1,"minecraft:raw_gold":13,"graveyard:vase_block":4,"minecraft:quartz_slab":2},"minecraft:mined":{"minecraft:dark_oak_planks":3,"minecraft:spruce_planks":5,"minecraft:white_bed":1,"graveyard:tg_coarse_dirt":2,"minecraft:farmland":1,"graveyard:gray_urn":1,"minecraft:obsidian":10,"minecraft:spruce_trapdoor":1,"minecraft:granite":6,"minecraft:acacia_log":4,"minecraft:grass_block":13,"tacz:gun_smith_table":3,"minecraft:iron_ore":70,"minecraft:cobbled_deepslate":27,"minecraft:fire":1,"minecraft:deepslate_lapis_ore":6,"minecraft:sculk_shrieker":1,"minecraft:polished_deepslate_slab":4,"minecraft:iron_bars":1,"minecraft:green_carpet":1,"minecraft:green_bed":8,"minecraft:orange_bed":3,"minecraft:deepslate_redstone_ore":14,"horror_element_mod:dead_experiment":1,"horror_element_mod:hazzmat_body":2,"graveyard:white_urn":1,"minecraft:red_bed":1,"horror_element_mod:beheaded_body":1,"horror_element_mod:dead_pig":1,"minecraft:torch":1,"minecraft:blast_furnace":2,"minecraft:glass":2,"minecraft:cobblestone":5,"graveyard:skeleton_hand":1,"graveyard:lying_skeleton":1,"minecraft:sugar_cane":3,"minecraft:seagrass":1,"boh:spinel_ore_ore":31,"boh:gojibreath":1,"minecraft:grass":23,"minecraft:oak_log":6,"horror_element_mod:dead_cow":2,"minecraft:sand":13,"minecraft:dirt":21,"minecraft:mangrove_log":3,"minecraft:wither_skeleton_skull":1,"horror_element_mod:colonial_marine_body":1,"minecraft:oak_leaves":3,"minecraft:deepslate":895,"minecraft:red_carpet":1,"minecraft:tuff":194,"minecraft:deepslate_diamond_ore":15,"minecraft:dark_oak_log":2,"minecraft:mangrove_roots":4,"minecraft:cobbled_deepslate_slab":5,"minecraft:decorated_pot":2,"minecraft:spruce_leaves":2,"horror_element_mod:broken_tv":1,"minecraft:hay_block":2,"minecraft:carrots":1,"minecraft:andesite":5,"minecraft:stripped_spruce_log":1,"minecraft:polished_deepslate":1,"minecraft:deepslate_iron_ore":18,"minecraft:vine":3,"minecraft:stone":79,"minecraft:acacia_leaves":1,"boh:kindness_flower":1,"minecraft:crafting_table":1,"graveyard:tg_rooted_dirt":2,"minecraft:copper_ore":6,"minecraft:lapis_ore":1,"minecraft:deepslate_gold_ore":18,"horror_element_mod:impaled_head":1,"minecraft:mangrove_leaves":2,"minecraft:coal_ore":51,"minecraft:gravel":7,"graveyard:leaning_skeleton":1,"minecraft:cobweb":1,"minecraft:stone_bricks":2,"minecraft:mossy_stone_bricks":2,"minecraft:gold_ore":10}},"DataVersion":3465}